{"stats":{"minecraft:mined":{"minecraft:grass_block":1,"minecraft:birch_leaves":1,"minecraft:oak_leaves":1,"minecraft:dirt":1},"minecraft:custom":{"minecraft:jump":27,"minecraft:time_since_rest":29099,"minecraft:leave_game":1,"minecraft:sprint_one_cm":1606,"minecraft:play_time":29099,"minecraft:damage_taken":20,"minecraft:time_since_death":29099,"minecraft:walk_one_cm":3212,"minecraft:total_world_time":29099,"minecraft:fall_one_cm":1443,"minecraft:fly_one_cm":2527},"minecraft:used":{"minecraft:dirt":2},"minecraft:picked_up":{"minecraft:birch_log":1,"minecraft:stick":1,"minecraft:birch_sapling":2,"minecraft:dirt":2}},"DataVersion":3465}