{"stats":{"minecraft:broken":{"minecraft:iron_boots":1,"minecraft:stone_pickaxe":1,"minecraft:iron_axe":2,"minecraft:iron_pickaxe":1,"minecraft:iron_helmet":2},"minecraft:killed_by":{"minecraft:player":1,"dungeonnowloading:spawner_carrier":1,"minecraft:creeper":4,"dungeonnowloading:hollow":7,"dungeonnowloading:chaos_spawner":5,"minecraft:skeleton":15,"minecraft:zombie":8},"minecraft:crafted":{"minecraft:oak_door":3,"minecraft:wooden_sword":1,"minecraft:oak_planks":116,"minecraft:raw_iron":18,"minecraft:iron_nugget":9,"minecraft:chain":1,"minecraft:cooked_chicken":10,"minecraft:furnace":11,"minecraft:cooked_mutton":2,"minecraft:diamond_leggings":1,"minecraft:iron_boots":1,"minecraft:iron_axe":2,"minecraft:birch_door":3,"minecraft:stone_pickaxe":2,"minecraft:chest":3,"minecraft:birch_button":2,"sophisticatedbackpacks:iron_backpack":2,"minecraft:wheat":81,"sophisticatedbackpacks:backpack":1,"dungeonnowloading:skull_of_chaos":1,"dungeonnowloading:spawner_frame":10,"minecraft:crafting_table":7,"minecraft:spruce_planks":24,"minecraft:wooden_pickaxe":1,"minecraft:iron_helmet":1,"minecraft:birch_planks":64,"minecraft:stone_axe":2,"minecraft:bread":27,"minecraft:air":0,"minecraft:iron_chestplate":1,"minecraft:diamond_pickaxe":1,"minecraft:stick":32,"minecraft:iron_ingot":49,"minecraft:iron_pickaxe":2,"minecraft:iron_block":1,"dungeonnowloading:spawner_blade":1,"minecraft:iron_leggings":1,"minecraft:note_block":1,"minecraft:torch":56,"minecraft:lapis_block":1,"minecraft:diamond_chestplate":1},"minecraft:mined":{"dungeonnowloading:spikes":24,"minecraft:crying_obsidian":18,"minecraft:diamond_ore":15,"minecraft:tuff":20,"minecraft:oak_sapling":1,"minecraft:mossy_cobblestone":14,"minecraft:deepslate_diamond_ore":5,"minecraft:glow_lichen":1,"minecraft:granite":41,"minecraft:spruce_fence":3,"minecraft:grass_block":43,"minecraft:decorated_pot":7,"dungeonnowloading:book_pile":4,"minecraft:moss_block":8,"minecraft:chiseled_stone_bricks":2,"minecraft:spawner":11,"minecraft:hay_block":13,"minecraft:smooth_stone":6,"minecraft:raw_iron_block":2,"minecraft:packed_mud":1,"minecraft:furnace":9,"minecraft:barrel":1,"minecraft:fire":1,"minecraft:iron_ore":13,"minecraft:cobbled_deepslate":11,"minecraft:andesite":21,"minecraft:pumpkin":5,"minecraft:deepslate_lapis_ore":5,"minecraft:vine":24,"minecraft:deepslate_iron_ore":35,"minecraft:cave_vines":1,"minecraft:iron_bars":6,"minecraft:stripped_oak_log":1,"minecraft:stone":223,"minecraft:white_wool":1,"minecraft:deepslate_redstone_ore":7,"dungeonnowloading:cobblestone_pebbles":2,"minecraft:crafting_table":2,"minecraft:clay":3,"minecraft:torch":11,"minecraft:glass":1,"minecraft:copper_ore":34,"minecraft:tall_grass":2,"minecraft:cobblestone":28,"minecraft:deepslate_gold_ore":10,"minecraft:damaged_anvil":1,"minecraft:sugar_cane":7,"minecraft:diorite":30,"minecraft:wall_torch":16,"minecraft:birch_planks":4,"minecraft:lapis_block":1,"minecraft:birch_log":19,"minecraft:birch_leaves":5,"minecraft:bee_nest":1,"minecraft:birch_door":1,"minecraft:smooth_stone_slab":4,"minecraft:grass":56,"dungeonnowloading:explosive_barrel":14,"minecraft:coal_ore":47,"minecraft:oak_log":76,"minecraft:birch_button":3,"minecraft:flower_pot":1,"minecraft:gravel":40,"minecraft:sand":2,"minecraft:dirt":10,"minecraft:polished_andesite":5,"minecraft:spruce_fence_gate":2,"minecraft:stone_bricks":25,"minecraft:mossy_stone_bricks":24,"minecraft:oak_leaves":53,"minecraft:deepslate":262,"minecraft:fern":1},"minecraft:custom":{"minecraft:interact_with_anvil":1,"minecraft:mob_kills":115,"minecraft:interact_with_crafting_table":48,"minecraft:open_barrel":46,"minecraft:damage_dealt_resisted":280,"minecraft:leave_game":3,"minecraft:time_since_death":5228,"minecraft:climb_one_cm":1460,"minecraft:sprint_one_cm":528576,"minecraft:walk_one_cm":1056877,"minecraft:drop":148,"minecraft:play_noteblock":2,"minecraft:damage_dealt_absorbed":185,"minecraft:play_time":292004,"minecraft:deaths":53,"minecraft:sneak_time":7645,"minecraft:walk_under_water_one_cm":20285,"minecraft:interact_with_brewingstand":1,"minecraft:jump":2800,"minecraft:walk_on_water_one_cm":30136,"minecraft:total_world_time":292004,"minecraft:interact_with_furnace":69,"minecraft:tune_noteblock":107,"minecraft:time_since_rest":5258,"minecraft:damage_taken":16118,"minecraft:damage_dealt":13893,"minecraft:player_kills":1,"minecraft:swim_one_cm":8941,"minecraft:fly_one_cm":275365,"minecraft:open_chest":55,"minecraft:crouch_one_cm":18357,"minecraft:fall_one_cm":66176,"minecraft:inspect_dispenser":4},"minecraft:used":{"minecraft:moss_block":4,"minecraft:iron_bars":5,"minecraft:chest":2,"minecraft:decorated_pot":5,"minecraft:spruce_planks":16,"minecraft:oak_door":1,"minecraft:iron_sword":10,"minecraft:cooked_chicken":8,"minecraft:rotten_flesh":1,"minecraft:iron_chestplate":1,"minecraft:torch":129,"minecraft:dirt":36,"dungeonnowloading:mossy_cobblestone_pebble":1,"minecraft:glass":1,"minecraft:birch_door":1,"minecraft:iron_block":1,"minecraft:lantern":1,"minecraft:iron_axe":335,"minecraft:iron_helmet":2,"minecraft:iron_boots":1,"minecraft:birch_button":4,"minecraft:barrel":1,"minecraft:stone_bricks":1,"minecraft:bow":142,"minecraft:oak_sapling":11,"minecraft:furnace":14,"minecraft:cobbled_deepslate":187,"minecraft:pumpkin":1,"minecraft:iron_leggings":1,"minecraft:cooked_mutton":1,"minecraft:mossy_stone_bricks":2,"minecraft:damaged_anvil":1,"minecraft:oak_planks":47,"minecraft:polished_andesite":2,"minecraft:birch_planks":19,"minecraft:stone_pickaxe":183,"minecraft:wooden_pickaxe":3,"minecraft:white_wool":1,"minecraft:mossy_cobblestone":5,"minecraft:crafting_table":9,"dungeonnowloading:skull_of_chaos":4,"minecraft:note_block":1,"minecraft:diamond_pickaxe":666,"minecraft:apple":1,"minecraft:bread":28,"minecraft:iron_pickaxe":348,"minecraft:gravel":31,"minecraft:stone_axe":73,"minecraft:wooden_sword":24,"minecraft:potion":1,"minecraft:cobblestone":99,"minecraft:lapis_block":1,"minecraft:birch_log":2,"alexsmobs:animal_dictionary":9},"minecraft:killed":{"alexsmobs:lobster":1,"minecraft:spider":10,"minecraft:skeleton":25,"minecraft:chicken":8,"alexsmobs:centipede_head":1,"minecraft:pig":1,"minecraft:creeper":6,"minecraft:sheep":2,"minecraft:zombie":45,"alexsmobs:fly":1,"minecraft:cow":1},"minecraft:picked_up":{"minecraft:crafting_table":3,"dungeonnowloading:wooden_wall_platform":4,"minecraft:chicken":8,"minecraft:clay_ball":12,"dungeonnowloading:cobblestone_pebble":12,"minecraft:enchanted_book":3,"minecraft:birch_button":3,"minecraft:lapis_block":1,"minecraft:string":11,"minecraft:iron_axe":1,"minecraft:raw_copper":113,"minecraft:armor_stand":3,"dungeonnowloading:spawner_fragment":48,"minecraft:cobbled_deepslate":374,"minecraft:spruce_planks":16,"minecraft:beef":2,"minecraft:iron_nugget":7,"dungeonnowloading:mossy_cobblestone_pebble":24,"minecraft:sugar_cane":18,"minecraft:birch_sapling":6,"minecraft:golden_helmet":1,"minecraft:furnace":7,"minecraft:spruce_pressure_plate":1,"minecraft:raw_iron":52,"minecraft:stick":13,"minecraft:oak_door":1,"minecraft:porkchop":1,"minecraft:spruce_fence":1,"minecraft:torch":77,"sophisticatedbackpacks:backpack":1,"minecraft:diorite":40,"minecraft:carrot":1,"minecraft:redstone":19,"minecraft:arrow":34,"minecraft:rotten_flesh":32,"minecraft:decorated_pot":10,"minecraft:hay_block":12,"dungeonnowloading:skull_of_chaos":1,"minecraft:white_wool":3,"minecraft:mutton":4,"minecraft:iron_bars":12,"minecraft:cobblestone":305,"minecraft:stripped_oak_log":1,"minecraft:birch_log":25,"minecraft:feather":16,"minecraft:andesite":50,"minecraft:leather":1,"minecraft:birch_planks":5,"minecraft:filled_map":2,"minecraft:flint":4,"minecraft:tuff":31,"minecraft:oak_log":81,"minecraft:gunpowder":27,"minecraft:lapis_lazuli":29,"minecraft:dirt":91,"minecraft:lantern":1,"minecraft:cooked_mutton":1,"minecraft:bone":52,"minecraft:apple":1,"minecraft:stone_bricks":5,"minecraft:wheat_seeds":6,"minecraft:raw_gold":10,"minecraft:iron_ingot":14,"minecraft:mossy_stone_bricks":3,"minecraft:glass_bottle":2,"minecraft:moss_block":7,"minecraft:book":4,"minecraft:cooked_porkchop":4,"minecraft:pumpkin":8,"minecraft:raw_iron_block":2,"minecraft:gravel":38,"minecraft:sand":1,"minecraft:crying_obsidian":15,"dungeonnowloading:wooden_wall_rack":3,"minecraft:barrel":1,"minecraft:mossy_cobblestone":7,"minecraft:polished_andesite":2,"minecraft:gray_banner":1,"minecraft:diamond":19,"minecraft:iron_helmet":1,"minecraft:granite":43,"alexsmobs:maggot":1,"minecraft:oak_sapling":16,"minecraft:damaged_anvil":1,"minecraft:coal":109,"sophisticatedbackpacks:gold_backpack":1},"minecraft:dropped":{"minecraft:enchanted_book":1,"minecraft:iron_ingot":38,"minecraft:bread":3,"minecraft:iron_sword":2,"minecraft:birch_planks":6,"minecraft:wheat_seeds":2,"minecraft:lapis_lazuli":18,"minecraft:oak_log":5,"minecraft:glass_bottle":2,"minecraft:cooked_porkchop":2,"minecraft:decorated_pot":3,"dungeonnowloading:skull_of_chaos":1,"minecraft:feather":8,"minecraft:iron_helmet":1,"minecraft:cobblestone":217,"dungeonnowloading:cobblestone_pebble":2,"minecraft:book":3,"minecraft:leather":10,"minecraft:granite":18,"minecraft:tropical_fish":2,"minecraft:coal":4,"minecraft:stick":10,"minecraft:dirt":24,"minecraft:diorite":45,"minecraft:torch":45,"minecraft:potion":1,"minecraft:amethyst_shard":1,"minecraft:iron_leggings":2,"minecraft:iron_axe":1,"minecraft:wooden_sword":1,"minecraft:pumpkin":6,"minecraft:sand":2,"minecraft:iron_pickaxe":1,"minecraft:smooth_stone":2,"minecraft:string":4,"minecraft:bone":9,"minecraft:redstone":58,"minecraft:gravel":7,"minecraft:furnace":2,"minecraft:stone_axe":3,"minecraft:gray_banner":1,"minecraft:iron_nugget":14,"minecraft:cooked_chicken":2,"minecraft:stone_sword":1,"alexsmobs:animal_dictionary":2,"minecraft:cobbled_deepslate":170,"minecraft:raw_copper":14,"minecraft:tuff":31,"minecraft:birch_sapling":2,"minecraft:raw_iron":9,"minecraft:rotten_flesh":21,"dungeonnowloading:mossy_cobblestone_pebble":17,"minecraft:clay_ball":20,"minecraft:oak_planks":32,"minecraft:iron_boots":1,"minecraft:stripped_oak_log":1,"sophisticatedbackpacks:backpack":3,"minecraft:cooked_mutton":1,"minecraft:spruce_fence":1,"dungeonnowloading:spawner_fragment":4,"minecraft:filled_map":2,"minecraft:gunpowder":16,"minecraft:spruce_planks":16,"minecraft:diamond_pickaxe":1,"minecraft:iron_chestplate":2,"minecraft:andesite":50,"minecraft:mossy_stone_bricks":1,"minecraft:stone_bricks":10,"minecraft:arrow":3,"minecraft:iron_bars":6,"minecraft:stone_pickaxe":2,"minecraft:bow":2,"minecraft:wooden_pickaxe":1,"minecraft:raw_gold":5,"sophisticatedbackpacks:iron_backpack":1}},"DataVersion":3465}