{"stats":{"minecraft:broken":{"minecraft:stone_sword":1,"minecraft:iron_boots":1,"minecraft:iron_leggings":2,"minecraft:stone_pickaxe":2,"minecraft:stone_axe":1,"minecraft:iron_helmet":1},"minecraft:killed_by":{"minecraft:player":1,"minecraft:creeper":2,"minecraft:spider":1,"minecraft:enderman":1,"dungeonnowloading:hollow":6,"dungeonnowloading:chaos_spawner":7,"minecraft:skeleton":10,"minecraft:zombie":13},"minecraft:crafted":{"minecraft:wooden_sword":1,"minecraft:oak_planks":388,"minecraft:raw_iron":9,"minecraft:furnace":1,"minecraft:cooked_mutton":2,"minecraft:glass":16,"minecraft:iron_boots":1,"minecraft:polished_deepslate":4,"minecraft:stone_pickaxe":3,"minecraft:chest":2,"alexsmobs:cooked_lobster_tail":4,"minecraft:cooked_porkchop":2,"minecraft:crafting_table":4,"minecraft:wooden_pickaxe":1,"minecraft:iron_helmet":1,"minecraft:iron_sword":1,"minecraft:pumpkin_seeds":42,"minecraft:birch_planks":174,"minecraft:stone_axe":1,"minecraft:iron_chestplate":1,"minecraft:diamond_pickaxe":1,"minecraft:stick":20,"minecraft:iron_ingot":43,"minecraft:iron_pickaxe":1,"minecraft:wooden_axe":1,"minecraft:gold_ingot":17,"minecraft:stone_sword":1,"minecraft:iron_leggings":1},"minecraft:mined":{"dungeonnowloading:spikes":30,"minecraft:diamond_ore":2,"minecraft:crying_obsidian":7,"minecraft:tuff":12,"minecraft:mossy_cobblestone":5,"minecraft:deepslate_diamond_ore":2,"minecraft:granite":3,"minecraft:grass_block":5,"minecraft:decorated_pot":1,"minecraft:spruce_leaves":5,"minecraft:spawner":2,"minecraft:smooth_stone":1,"minecraft:raw_iron_block":1,"minecraft:packed_mud":1,"minecraft:furnace":3,"minecraft:iron_ore":10,"minecraft:cobbled_deepslate":3,"minecraft:gray_wall_banner":2,"minecraft:andesite":21,"minecraft:pumpkin":14,"minecraft:moss_carpet":1,"minecraft:deepslate_lapis_ore":2,"minecraft:vine":13,"minecraft:deepslate_iron_ore":31,"minecraft:iron_bars":4,"minecraft:azalea":1,"minecraft:stone":159,"minecraft:tripwire":1,"minecraft:deepslate_redstone_ore":13,"dungeonnowloading:cobblestone_pebbles":3,"dungeonnowloading:mossy_cobblestone_pebbles":2,"minecraft:crafting_table":1,"dungeonnowloading:dungeon_wall_torch":1,"minecraft:clay":2,"minecraft:torch":4,"minecraft:polished_andesite_stairs":1,"minecraft:copper_ore":4,"minecraft:cobblestone":28,"minecraft:deepslate_gold_ore":5,"minecraft:sugar_cane":5,"minecraft:oak_planks":5,"minecraft:diorite":18,"minecraft:wall_torch":1,"minecraft:birch_planks":3,"minecraft:birch_log":48,"minecraft:birch_leaves":1,"minecraft:birch_door":1,"minecraft:smooth_stone_slab":1,"dungeonnowloading:explosive_barrel":1,"minecraft:grass":37,"minecraft:coal_ore":35,"minecraft:oak_log":59,"minecraft:cocoa":2,"minecraft:dirt":11,"minecraft:gravel":9,"minecraft:polished_andesite":7,"minecraft:stone_bricks":3,"minecraft:mossy_stone_bricks":10,"minecraft:gold_ore":2,"minecraft:oak_leaves":33,"minecraft:deepslate":94,"minecraft:fern":5},"minecraft:custom":{"minecraft:interact_with_anvil":2,"minecraft:mob_kills":105,"minecraft:interact_with_crafting_table":28,"minecraft:open_barrel":31,"minecraft:damage_dealt_resisted":143,"minecraft:leave_game":1,"minecraft:time_since_death":4786,"minecraft:climb_one_cm":930,"minecraft:sprint_one_cm":261416,"minecraft:walk_one_cm":1125429,"minecraft:drop":118,"minecraft:damage_dealt_absorbed":82,"minecraft:play_time":252700,"minecraft:deaths":54,"minecraft:sneak_time":445,"minecraft:walk_under_water_one_cm":60080,"minecraft:jump":1521,"minecraft:walk_on_water_one_cm":68705,"minecraft:total_world_time":252700,"minecraft:interact_with_furnace":43,"minecraft:tune_noteblock":472,"minecraft:time_since_rest":4832,"minecraft:damage_taken":16108,"minecraft:damage_dealt":15145,"minecraft:swim_one_cm":5610,"minecraft:fly_one_cm":51990,"minecraft:player_kills":1,"minecraft:open_chest":50,"minecraft:crouch_one_cm":71,"minecraft:fall_one_cm":31319},"minecraft:used":{"minecraft:stone_sword":146,"minecraft:tropical_fish":2,"minecraft:chest":2,"minecraft:iron_sword":442,"minecraft:rotten_flesh":16,"minecraft:cooked_chicken":2,"minecraft:torch":31,"minecraft:dirt":25,"minecraft:carrot":2,"minecraft:birch_door":2,"minecraft:glass":2,"minecraft:wooden_axe":9,"alexsmobs:lobster_tail":2,"alexsmobs:cooked_lobster_tail":1,"minecraft:stone_bricks":9,"minecraft:bow":62,"minecraft:hay_block":1,"minecraft:oak_sapling":1,"minecraft:furnace":4,"minecraft:gray_banner":4,"minecraft:potato":9,"minecraft:cobbled_deepslate":6,"minecraft:cooked_mutton":2,"minecraft:diorite":3,"minecraft:birch_planks":2,"minecraft:stone_pickaxe":328,"minecraft:wooden_pickaxe":6,"minecraft:crafting_table":3,"minecraft:crossbow":5,"minecraft:diamond_pickaxe":84,"minecraft:apple":12,"minecraft:bread":9,"minecraft:string":1,"minecraft:iron_pickaxe":171,"minecraft:gravel":2,"minecraft:stone_axe":137,"minecraft:wooden_sword":1,"minecraft:potion":1,"minecraft:cobblestone":138,"minecraft:andesite":8,"alexsmobs:animal_dictionary":3,"minecraft:smooth_stone":2},"minecraft:killed":{"dungeonnowloading:spawner_carrier":1,"alexsmobs:lobster":12,"minecraft:spider":11,"minecraft:skeleton":18,"minecraft:bee":1,"minecraft:chicken":2,"minecraft:turtle":1,"minecraft:tropical_fish":2,"minecraft:pig":3,"minecraft:bat":1,"minecraft:zombie":29,"alexsmobs:cockroach":1,"minecraft:cow":1,"minecraft:enderman":1},"minecraft:dropped":{"minecraft:iron_sword":2,"minecraft:birch_planks":1,"minecraft:wheat_seeds":1,"minecraft:glass_bottle":1,"minecraft:diamond":1,"minecraft:crafting_table":1,"minecraft:cooked_porkchop":2,"minecraft:feather":1,"minecraft:cobblestone":55,"dungeonnowloading:cobblestone_pebble":2,"minecraft:granite":4,"minecraft:tropical_fish":2,"minecraft:spruce_fence_gate":1,"minecraft:stick":1,"minecraft:flint":1,"minecraft:dirt":86,"minecraft:diorite":20,"minecraft:wooden_axe":1,"minecraft:bone_meal":1,"minecraft:wooden_sword":1,"minecraft:pumpkin":1,"minecraft:sand":4,"minecraft:iron_pickaxe":1,"minecraft:smooth_stone":2,"minecraft:chainmail_leggings":2,"minecraft:string":19,"minecraft:armor_stand":4,"minecraft:redstone":58,"minecraft:bone":20,"minecraft:polished_deepslate":4,"minecraft:gravel":4,"minecraft:stone_axe":1,"minecraft:moss_carpet":1,"minecraft:gray_banner":1,"minecraft:stone_sword":1,"minecraft:raw_copper":14,"minecraft:cobbled_deepslate":126,"minecraft:cocoa_beans":6,"minecraft:smooth_stone_slab":8,"minecraft:tuff":12,"minecraft:birch_sapling":2,"minecraft:rotten_flesh":11,"dungeonnowloading:mossy_cobblestone_pebble":8,"minecraft:clay_ball":16,"minecraft:oak_planks":18,"sophisticatedbackpacks:backpack":1,"minecraft:spruce_fence":1,"dungeonnowloading:spawner_fragment":22,"minecraft:chainmail_chestplate":1,"minecraft:chiseled_stone_bricks":2,"minecraft:filled_map":1,"minecraft:gunpowder":9,"alexsmobs:cockroach_wing_fragment":1,"minecraft:diamond_pickaxe":2,"minecraft:andesite":9,"minecraft:azalea":1,"minecraft:oak_sapling":6,"minecraft:spider_eye":1,"minecraft:stone_bricks":23,"minecraft:bow":3,"minecraft:stone_pickaxe":3,"minecraft:wooden_pickaxe":2},"minecraft:picked_up":{"minecraft:birch_door":2,"minecraft:crafting_table":1,"minecraft:chainmail_boots":1,"minecraft:cocoa_beans":6,"minecraft:wheat":4,"minecraft:iron_chestplate":2,"minecraft:flower_pot":1,"minecraft:chicken":2,"minecraft:clay_ball":24,"minecraft:wooden_pickaxe":1,"dungeonnowloading:cobblestone_pebble":2,"minecraft:potion":1,"minecraft:string":28,"minecraft:moss_carpet":1,"minecraft:raw_copper":28,"minecraft:smooth_stone_slab":8,"minecraft:iron_leggings":3,"minecraft:armor_stand":4,"dungeonnowloading:spawner_fragment":26,"minecraft:cobbled_deepslate":201,"minecraft:smooth_stone":6,"minecraft:beef":3,"minecraft:azalea":1,"minecraft:iron_pickaxe":2,"dungeonnowloading:mossy_cobblestone_pebble":11,"minecraft:sugar_cane":11,"minecraft:birch_sapling":4,"minecraft:iron_boots":1,"minecraft:furnace":7,"minecraft:tipped_arrow":5,"minecraft:raw_iron":49,"minecraft:stick":12,"minecraft:torch":58,"minecraft:spruce_fence":1,"sophisticatedbackpacks:backpack":4,"minecraft:porkchop":3,"minecraft:diorite":68,"minecraft:redstone":116,"minecraft:stone_sword":2,"minecraft:arrow":25,"minecraft:rotten_flesh":74,"minecraft:tropical_fish":6,"minecraft:music_disc_ward":1,"minecraft:hay_block":1,"minecraft:iron_bars":3,"minecraft:cobblestone":345,"alexsmobs:lobster_tail":6,"minecraft:stripped_oak_log":1,"minecraft:birch_log":50,"minecraft:feather":1,"minecraft:andesite":17,"minecraft:leather":11,"minecraft:potato":1,"minecraft:birch_planks":10,"minecraft:filled_map":1,"minecraft:packed_mud":1,"minecraft:flint":1,"minecraft:tuff":12,"minecraft:oak_log":59,"minecraft:chainmail_chestplate":1,"minecraft:gunpowder":13,"minecraft:lapis_lazuli":36,"minecraft:dirt":112,"minecraft:bone":37,"minecraft:apple":2,"minecraft:stone_bricks":40,"minecraft:bow":5,"minecraft:wheat_seeds":2,"alexsmobs:cockroach_wing_fragment":1,"minecraft:raw_gold":12,"minecraft:cooked_chicken":2,"minecraft:stone_pickaxe":4,"minecraft:iron_ingot":30,"minecraft:mossy_stone_bricks":28,"minecraft:iron_sword":5,"minecraft:oak_planks":55,"minecraft:book":3,"minecraft:pumpkin":12,"minecraft:chiseled_stone_bricks":2,"minecraft:gravel":6,"minecraft:raw_iron_block":1,"minecraft:sand":21,"sophisticatedbackpacks:iron_backpack":1,"minecraft:spruce_sapling":1,"dungeonnowloading:wooden_wall_rack":1,"minecraft:crying_obsidian":10,"minecraft:spider_eye":2,"alexsmobs:animal_dictionary":2,"minecraft:spruce_fence_gate":1,"minecraft:gray_banner":6,"minecraft:diamond":7,"minecraft:stone_axe":3,"minecraft:chainmail_leggings":3,"minecraft:iron_helmet":1,"minecraft:crossbow":1,"minecraft:granite":7,"minecraft:bone_meal":1,"minecraft:chainmail_helmet":2,"minecraft:bread":3,"minecraft:oak_sapling":9,"minecraft:coal":36,"minecraft:ender_pearl":1,"minecraft:diamond_pickaxe":3}},"DataVersion":3465}